"techjobID","requisitionID","technicianID"
"2","1","1"
"3","1","5"
"4","1","9"
"1","1","12"
"7","1","19"
"8","1","28"
"10","1","29"
"16","3","4"
"14","3","13"
"15","3","18"
"23","18","6"
"24","18","19"
"25","20","19"
"26","21","18"
"27","22","19"
"28","23","19"
"29","24","15"
"30","26","18"
"31","27","18"
"32","29","18"
"33","30","18"
"34","31","18"
"35","32","18"
"37","34","18"
"38","35","18"
"39","36","19"
"40","37","18"
"41","38","18"
"42","39","18"
"43","40","18"
"44","41","18"
"45","42","18"
"46","43","18"
"48","45","5"
"47","45","15"
"49","46","6"
"50","46","17"
"51","47","15"
"56","48","5"
"55","48","15"
"54","50","15"
"53","52","18"
"57","53","18"
"58","54","18"
"59","55","18"
"60","56","18"
"61","57","18"
"62","58","18"
"63","59","18"
"64","60","19"
"65","61","18"
"66","62","17"
"67","63","17"
"68","64","6"
"69","65","6"
"70","66","6"
"71","67","6"
"72","68","6"
"73","69","16"
"74","70","6"
"75","71","15"
"76","72","15"
"77","73","15"
"78","74","15"
"79","75","16"
"80","78","18"
"81","79","18"
"82","80","18"
"83","81","18"
"84","82","18"
"85","83","18"
"86","84","18"
"87","84","19"
"93","85","18"
"96","86","15"
"97","87","15"
"98","88","15"
"99","89","6"
"100","90","19"
"102","91","5"
"101","91","15"
"103","92","18"
"104","92","19"
"105","93","18"
"106","93","19"
"107","94","18"
"108","94","19"
"109","95","18"
"110","95","19"
"111","96","18"
"112","96","19"
"113","97","18"
"114","97","19"
"115","98","18"
"116","98","19"
"117","99","18"
"118","99","19"
"119","100","19"
"120","101","16"
"121","102","6"
"122","102","16"
"124","104","19"
"123","104","22"
"125","105","18"
"126","105","19"
"127","106","18"
"128","106","19"
"129","107","18"
"130","107","19"
"131","108","18"
"132","108","19"
"133","109","18"
"134","109","19"
"159","110","6"
"160","110","16"
"155","111","18"
"156","111","19"
"153","112","6"
"154","112","16"
"151","113","18"
"152","113","19"
"145","114","18"
"146","114","19"
"147","115","18"
"148","115","19"
"149","116","18"
"150","116","19"
"143","117","18"
"144","117","19"
"141","118","18"
"142","118","19"
"139","119","18"
"140","119","19"
"137","120","18"
"138","120","19"
"135","121","18"
"136","121","19"
"163","122","6"
"164","122","16"
"165","123","5"
"166","124","6"
"167","124","16"
"168","125","6"
"169","125","16"
"170","126","6"
"171","126","16"
"172","127","6"
"173","127","16"
"175","128","5"
"174","128","15"
"176","129","18"
"177","129","19"
"178","130","18"
"179","130","19"
"1602","132","7"
"1601","132","8"
"1600","133","7"
"1599","133","8"
"1597","134","7"
"1598","134","21"
"1595","135","7"
"1596","135","21"
"1593","136","7"
"1594","136","21"
"1591","137","7"
"1592","137","23"
"1589","138","7"
"1587","138","8"
"1588","138","9"
"1590","138","21"
"1585","139","8"
"1586","139","24"
"1581","140","7"
"1580","140","20"
"1584","140","21"
"1582","140","23"
"1583","140","24"
"1579","140","30"
"1680","141","9"
"1681","141","21"
"1571","142","7"
"1569","142","8"
"1572","142","24"
"1570","142","30"
"1568","143","8"
"1567","144","8"
"1557","145","7"
"1558","145","21"
"1564","146","7"
"1563","146","8"
"1565","146","10"
"1566","146","21"
"1560","147","7"
"1562","147","21"
"1561","147","23"
"1559","147","30"
"1555","148","7"
"1556","148","21"
"1554","150","8"
"1200","151","2"
"1201","151","22"
"1553","152","8"
"1551","153","8"
"1552","153","10"
"1549","154","8"
"1550","154","30"
"1547","155","7"
"1548","155","21"
"1636","156","10"
"1635","156","29"
"1634","157","10"
"1633","157","23"
"1632","157","29"
"1629","159","30"
"1628","160","23"
"1627","160","30"
"1626","162","10"
"1625","162","11"
"1624","162","29"
"1623","163","23"
"1622","163","30"
"1621","164","10"
"1620","164","29"
"1619","165","11"
"1615","166","7"
"1618","166","10"
"1616","166","11"
"1617","166","24"
"1613","166","25"
"1614","166","29"
"1612","167","10"
"1611","168","10"
"1610","168","11"
"1609","168","29"
"1608","168","30"
"1607","169","10"
"1606","169","11"
"1605","169","23"
"1604","169","29"
"1545","170","7"
"1546","170","21"
"1684","173","9"
"1685","173","21"
"1577","176","8"
"1578","176","24"
"1678","177","7"
"1677","177","9"
"1679","177","21"
"1675","178","9"
"1676","178","21"
"1673","179","9"
"1674","179","21"
"1671","180","9"
"1672","180","21"
"1669","181","9"
"1670","181","21"
"1667","182","9"
"1668","182","21"
"1665","183","9"
"1666","183","21"
"1663","186","7"
"1664","186","21"
"1661","187","8"
"1662","187","9"
"1660","188","21"
"1658","189","9"
"1659","189","21"
"1650","192","9"
"1651","192","21"
"1648","194","9"
"1649","194","21"
"1639","197","8"
"1640","197","10"
"1641","197","21"
"1637","199","9"
"1638","199","21"
"565","200","2"
"566","200","22"
"563","201","2"
"564","201","22"
"561","203","2"
"562","203","22"
"559","206","2"
"560","206","22"
"557","207","2"
"558","207","22"
"526","211","2"
"527","211","22"
"524","212","2"
"525","212","22"
"522","213","2"
"523","213","22"
"520","214","2"
"521","214","22"
"518","216","2"
"519","216","22"
"516","217","2"
"517","217","22"
"514","218","2"
"515","218","22"
"512","219","2"
"513","219","22"
"510","220","2"
"511","220","22"
"508","221","2"
"509","221","22"
"506","222","2"
"507","222","22"
"504","223","2"
"505","223","22"
"502","224","2"
"503","224","22"
"500","225","2"
"501","225","22"
"498","226","2"
"499","226","22"
"496","227","2"
"497","227","22"
"494","228","2"
"495","228","22"
"180","229","18"
"181","229","19"
"182","230","18"
"183","230","19"
"184","231","18"
"185","231","19"
"186","232","18"
"187","232","19"
"188","233","18"
"189","233","19"
"190","234","18"
"191","234","19"
"192","235","18"
"193","235","19"
"194","236","18"
"195","236","19"
"196","237","18"
"197","237","19"
"198","238","18"
"199","238","19"
"200","239","16"
"201","239","17"
"202","240","16"
"203","240","17"
"204","242","16"
"205","242","17"
"206","243","16"
"207","243","17"
"208","244","16"
"209","244","17"
"210","245","6"
"211","246","6"
"212","247","15"
"213","248","18"
"214","248","19"
"215","249","6"
"216","250","18"
"217","250","19"
"218","251","18"
"219","251","19"
"220","252","18"
"221","252","19"
"222","253","18"
"223","253","19"
"224","254","18"
"225","254","19"
"226","255","18"
"227","255","19"
"228","256","18"
"229","256","19"
"230","257","18"
"231","258","19"
"232","259","18"
"233","260","18"
"234","260","19"
"235","261","18"
"236","261","19"
"237","262","18"
"238","262","19"
"239","263","18"
"240","263","19"
"241","264","18"
"242","264","19"
"244","265","6"
"245","265","17"
"243","265","18"
"247","266","6"
"248","266","17"
"246","266","18"
"250","267","6"
"251","267","17"
"249","267","18"
"253","268","6"
"254","268","17"
"252","268","18"
"255","269","15"
"256","270","15"
"257","271","18"
"258","271","19"
"259","272","18"
"260","272","19"
"261","273","18"
"262","273","19"
"263","274","18"
"264","274","19"
"265","276","18"
"266","276","19"
"267","277","18"
"268","277","19"
"269","278","17"
"270","278","19"
"271","279","18"
"272","279","19"
"273","280","6"
"274","280","16"
"275","280","17"
"276","281","18"
"277","281","19"
"278","282","18"
"279","282","19"
"280","283","18"
"281","283","19"
"282","284","18"
"283","284","19"
"284","285","18"
"285","285","19"
"286","286","15"
"287","287","16"
"288","287","17"
"289","288","2"
"290","288","22"
"292","289","5"
"291","289","15"
"293","290","18"
"294","290","19"
"295","291","18"
"296","291","19"
"297","292","18"
"298","292","19"
"299","293","6"
"300","294","6"
"301","295","18"
"302","295","19"
"303","296","18"
"304","296","19"
"305","297","18"
"306","297","19"
"307","298","18"
"308","298","19"
"309","299","18"
"310","299","19"
"312","300","6"
"311","300","18"
"313","301","18"
"314","301","19"
"315","302","18"
"316","302","19"
"317","303","18"
"318","303","19"
"319","304","18"
"320","304","19"
"321","305","16"
"322","305","17"
"323","306","15"
"324","307","15"
"325","308","18"
"326","309","15"
"327","310","15"
"328","311","18"
"329","312","18"
"330","313","16"
"331","313","17"
"334","315","6"
"335","315","16"
"336","315","17"
"337","316","15"
"338","317","15"
"339","318","16"
"340","318","17"
"341","319","16"
"342","319","17"
"344","320","6"
"343","320","18"
"345","321","16"
"346","321","17"
"347","322","18"
"348","323","18"
"349","324","16"
"350","324","17"
"351","325","16"
"352","325","17"
"353","326","6"
"354","326","16"
"355","327","6"
"356","327","16"
"358","328","6"
"357","328","18"
"360","329","5"
"359","329","15"
"362","330","6"
"363","330","16"
"364","330","17"
"361","330","18"
"365","330","19"
"366","331","16"
"367","331","17"
"368","332","15"
"369","333","15"
"22","334","16"
"370","335","6"
"371","335","16"
"372","336","6"
"373","336","16"
"374","337","6"
"375","337","16"
"376","338","16"
"377","338","19"
"378","339","6"
"379","339","16"
"380","339","19"
"381","340","18"
"382","340","19"
"383","341","18"
"384","341","19"
"385","342","18"
"386","342","19"
"387","343","18"
"388","343","19"
"389","344","18"
"390","344","19"
"391","345","16"
"392","345","17"
"393","346","18"
"394","346","19"
"395","347","18"
"396","347","19"
"397","348","18"
"398","348","19"
"399","349","18"
"400","349","19"
"401","350","18"
"402","350","19"
"403","351","18"
"404","351","19"
"405","352","18"
"406","352","19"
"407","353","18"
"408","354","18"
"409","354","19"
"410","355","18"
"411","355","19"
"412","356","18"
"413","356","19"
"414","357","18"
"415","358","18"
"416","359","18"
"418","360","6"
"417","360","18"
"419","361","18"
"420","361","19"
"422","362","5"
"421","362","15"
"423","363","16"
"424","363","17"
"427","365","5"
"426","365","15"
"428","366","16"
"429","366","17"
"430","367","6"
"431","368","16"
"432","369","16"
"433","369","17"
"434","370","18"
"435","370","19"
"436","371","18"
"437","371","19"
"438","372","18"
"439","372","19"
"440","374","18"
"441","374","19"
"442","375","18"
"443","375","19"
"444","376","18"
"445","376","19"
"446","377","18"
"447","377","19"
"448","378","18"
"449","378","19"
"450","379","16"
"451","379","17"
"452","380","15"
"453","381","5"
"454","382","18"
"455","382","19"
"456","383","18"
"457","384","18"
"458","384","19"
"459","385","18"
"460","385","19"
"461","386","16"
"462","386","17"
"463","387","15"
"464","388","18"
"465","388","19"
"466","389","18"
"467","389","19"
"468","390","18"
"469","390","19"
"470","391","18"
"471","391","19"
"472","394","18"
"473","394","19"
"474","395","18"
"475","396","18"
"476","396","19"
"477","397","18"
"478","397","19"
"479","398","18"
"480","398","19"
"481","399","18"
"482","399","19"
"483","400","18"
"484","400","19"
"485","401","15"
"486","402","15"
"425","403","15"
"487","404","15"
"488","405","15"
"489","406","15"
"491","407","5"
"490","407","15"
"492","408","2"
"493","408","22"
"18","409","1"
"2740","410","1"
"2739","411","1"
"2737","411","23"
"2738","411","24"
"2736","411","25"
"2735","412","1"
"2734","412","23"
"2733","414","1"
"2732","414","24"
"2731","415","10"
"2730","415","29"
"2729","416","3"
"2728","417","1"
"2727","418","3"
"2726","418","30"
"2725","419","1"
"2720","422","12"
"2722","422","29"
"2721","422","30"
"2718","426","3"
"2717","426","23"
"2716","427","3"
"2715","427","23"
"2714","428","3"
"2713","428","25"
"2712","429","3"
"2711","429","25"
"2710","430","3"
"2709","430","25"
"2708","432","11"
"2707","432","12"
"2706","433","1"
"2705","433","23"
"2704","434","3"
"2702","435","11"
"2699","435","12"
"2701","435","20"
"2703","435","24"
"2700","435","25"
"2698","437","1"
"2697","437","23"
"2693","439","3"
"2692","440","1"
"2691","442","1"
"2689","443","12"
"2690","443","20"
"2687","444","12"
"2688","444","20"
"2684","447","1"
"2683","447","24"
"2682","448","12"
"2681","449","1"
"2680","449","24"
"2679","450","3"
"2678","450","25"
"2677","451","1"
"2676","452","1"
"2675","452","11"
"2674","452","29"
"2673","453","3"
"2672","453","25"
"2671","454","11"
"2670","454","12"
"2669","455","3"
"2668","455","25"
"2667","456","1"
"2666","457","3"
"2665","457","25"
"2664","458","3"
"2663","458","25"
"2662","459","1"
"2661","460","3"
"2660","461","1"
"2659","462","1"
"2658","462","23"
"2657","463","1"
"2656","464","1"
"2655","464","23"
"2654","465","3"
"2632","467","3"
"2650","468","3"
"2649","468","29"
"2648","469","3"
"2647","469","29"
"2646","470","6"
"2645","471","1"
"2644","472","1"
"2643","473","1"
"2642","473","23"
"2641","474","1"
"2640","474","23"
"2639","475","1"
"2638","477","1"
"2637","477","23"
"2636","478","12"
"2635","479","12"
"2634","481","12"
"2633","482","12"
"2631","484","3"
"2630","484","25"
"2629","485","3"
"2628","485","25"
"2627","486","1"
"2626","486","24"
"2624","487","3"
"2625","487","10"
"2623","488","3"
"2622","489","3"
"2621","489","25"
"2620","490","15"
"2619","491","1"
"2618","491","23"
"2617","492","1"
"2616","493","3"
"2615","493","25"
"2613","494","23"
"2614","494","24"
"2612","498","12"
"2611","499","3"
"2610","499","25"
"2609","500","1"
"2608","500","3"
"2607","500","25"
"2606","502","12"
"2605","503","3"
"2604","504","12"
"2603","505","1"
"2600","508","3"
"2599","508","25"
"2596","510","3"
"2595","511","1"
"2594","512","12"
"2593","514","3"
"2592","514","25"
"2591","516","1"
"2590","516","23"
"2589","517","1"
"2588","517","23"
"2579","523","12"
"2580","523","20"
"2583","524","12"
"2584","524","20"
"2581","525","12"
"2582","525","20"
"2578","527","12"
"2577","529","3"
"2576","529","30"
"2986","533","1"
"2985","534","3"
"2984","534","25"
"2983","535","1"
"2982","536","3"
"2981","536","25"
"2980","537","1"
"2979","538","12"
"2978","539","1"
"2977","539","24"
"2976","540","3"
"2975","540","25"
"2974","542","12"
"2973","543","1"
"2972","543","24"
"2971","544","3"
"2970","544","25"
"2969","545","3"
"2968","545","23"
"2966","546","3"
"2965","546","23"
"2967","546","24"
"2964","547","1"
"2963","547","23"
"2962","548","3"
"2961","548","23"
"2960","548","25"
"2959","549","12"
"2958","550","3"
"2957","551","3"
"2956","551","25"
"2955","552","23"
"2954","553","12"
"2952","555","1"
"2949","556","1"
"2948","556","24"
"2947","557","1"
"5","559","1"
"9","559","24"
"2953","562","12"
"2946","563","12"
"2944","564","12"
"2945","564","20"
"2943","565","1"
"2942","566","24"
"2941","567","1"
"2940","568","3"
"2939","568","25"
"2938","569","1"
"2937","569","15"
"2936","570","1"
"2935","570","24"
"2934","571","12"
"2933","572","3"
"2932","572","25"
"2915","573","1"
"2914","573","23"
"2927","575","12"
"2926","576","3"
"2925","576","25"
"2924","577","1"
"2923","577","23"
"2922","578","1"
"2921","579","6"
"2920","580","1"
"2919","580","23"
"2918","581","12"
"2917","582","3"
"2916","582","25"
"2913","583","1"
"2912","583","23"
"2911","584","3"
"2910","584","30"
"2909","585","12"
"6","586","12"
"12","586","30"
"2908","587","3"
"2907","587","25"
"2906","588","1"
"2905","589","1"
"2904","589","3"
"2903","589","25"
"2889","590","3"
"2902","591","3"
"2901","592","3"
"2900","593","3"
"2899","594","3"
"2898","595","12"
"2896","597","1"
"2894","597","23"
"2895","597","24"
"2893","597","25"
"2892","598","1"
"2891","598","24"
"2890","599","12"
"2888","600","3"
"2887","600","25"
"2886","601","3"
"2885","601","25"
"2881","602","12"
"2882","602","20"
"2880","603","1"
"2879","604","1"
"2878","604","24"
"2877","604","25"
"2876","605","1"
"2875","607","1"
"2873","608","3"
"2874","608","11"
"2872","609","3"
"2871","610","12"
"2870","611","12"
"2869","612","3"
"2868","612","25"
"2867","613","1"
"2866","613","25"
"2865","614","1"
"2864","614","24"
"2863","615","1"
"2862","615","24"
"2861","616","1"
"2860","618","3"
"2859","618","25"
"540","621","8"
"541","621","9"
"542","621","21"
"2857","622","12"
"2856","623","3"
"2855","623","25"
"2854","624","3"
"2853","624","25"
"2852","626","3"
"2851","626","25"
"2850","627","3"
"2849","627","25"
"2848","628","3"
"2847","628","25"
"2846","629","3"
"2845","629","25"
"2844","630","12"
"2951","631","3"
"2950","631","25"
"1166","632","11"
"1165","632","29"
"1164","633","10"
"1163","633","29"
"1162","634","11"
"1161","635","10"
"1160","635","29"
"1158","636","11"
"1157","636","23"
"1159","636","24"
"1156","636","29"
"1155","637","11"
"1154","637","29"
"1153","638","10"
"2391","639","6"
"2390","640","15"
"2388","641","17"
"2389","641","19"
"2387","642","15"
"2386","643","19"
"13","644","12"
"2384","645","16"
"2385","645","17"
"2383","646","16"
"2381","647","18"
"2382","647","19"
"2379","648","18"
"2380","648","19"
"2377","649","18"
"2378","649","19"
"2375","650","6"
"2376","650","16"
"2374","651","15"
"2372","652","6"
"2373","652","16"
"2370","653","18"
"2371","653","19"
"2367","654","6"
"2368","654","16"
"2369","654","19"
"2365","655","18"
"2366","655","19"
"2363","656","18"
"2364","656","19"
"2362","657","6"
"2361","657","18"
"2360","658","16"
"2357","659","6"
"2358","659","16"
"2359","659","19"
"2352","661","15"
"2351","662","15"
"2349","663","16"
"2350","663","17"
"2348","664","16"
"2346","665","16"
"2347","665","17"
"2344","666","18"
"2345","666","19"
"2342","667","18"
"2343","667","19"
"2341","668","18"
"2338","669","18"
"2339","669","19"
"2337","670","18"
"2335","671","16"
"2336","671","17"
"2334","672","17"
"2333","673","19"
"2332","674","24"
"2330","675","16"
"2331","675","17"
"2328","676","6"
"2327","676","18"
"2329","676","19"
"2326","677","18"
"2322","678","18"
"2323","678","19"
"2320","680","16"
"2321","680","17"
"2319","681","6"
"2317","682","16"
"2318","682","17"
"2314","683","5"
"2315","683","6"
"2313","683","15"
"2316","683","16"
"2311","684","18"
"2312","684","19"
"2309","686","18"
"2310","686","19"
"2307","687","18"
"2308","687","19"
"2305","688","18"
"2306","688","19"
"2303","689","18"
"2304","689","19"
"2302","690","5"
"2301","690","15"
"2300","691","15"
"2298","692","16"
"2299","692","17"
"2297","693","15"
"2295","694","16"
"2296","694","17"
"2293","695","16"
"2294","695","17"
"2290","696","6"
"2291","696","16"
"2292","696","19"
"2288","697","18"
"2289","697","19"
"2287","698","18"
"2285","699","6"
"2286","699","19"
"2270","700","5"
"2272","701","5"
"2271","701","15"
"2274","702","5"
"2273","702","15"
"2276","703","5"
"2275","703","15"
"2277","704","18"
"2278","704","19"
"2279","705","5"
"2280","706","19"
"2281","707","6"
"2282","707","16"
"2283","708","15"
"2284","709","5"
"2269","710","15"
"2268","711","5"
"2267","711","15"
"2265","712","6"
"2264","712","18"
"2266","712","19"
"2263","713","6"
"2262","714","6"
"2260","715","6"
"2259","715","18"
"2261","715","19"
"2255","716","5"
"2257","716","6"
"2256","716","18"
"2258","716","19"
"2196","717","18"
"2197","717","19"
"2194","718","6"
"2195","718","17"
"2193","719","15"
"2189","720","4"
"2187","720","15"
"2188","720","16"
"2186","721","15"
"2185","722","15"
"2182","723","15"
"2181","724","5"
"2180","724","15"
"2175","725","5"
"2174","725","15"
"2128","726","18"
"2129","726","19"
"2122","727","6"
"2123","727","16"
"2124","727","19"
"2125","728","6"
"2126","728","16"
"2127","728","19"
"2130","729","18"
"2120","730","18"
"2121","730","19"
"2183","733","16"
"2184","733","17"
"2177","734","5"
"2176","734","15"
"2190","735","6"
"2191","735","16"
"2192","735","17"
"2179","737","18"
"2178","738","18"
"2166","739","18"
"2167","739","19"
"2164","740","18"
"2165","740","19"
"2163","741","6"
"2162","742","5"
"2161","742","15"
"2173","743","5"
"2172","743","15"
"2325","745","6"
"2324","745","18"
"2170","749","18"
"2171","749","19"
"2155","750","16"
"2156","750","17"
"2154","750","18"
"2157","750","19"
"2160","752","5"
"2159","752","15"
"2147","755","16"
"2148","755","19"
"2152","756","5"
"2151","756","15"
"2150","757","5"
"2149","757","15"
"2158","758","6"
"2143","759","16"
"2144","759","17"
"2145","762","18"
"2146","762","19"
"2142","763","15"
"2141","766","19"
"2139","767","16"
"2140","767","17"
"2138","768","6"
"2137","769","5"
"2136","769","15"
"860","770","4"
"857","770","5"
"859","770","6"
"858","770","18"
"861","770","19"
"2132","771","17"
"2135","772","4"
"2133","772","15"
"2134","772","18"
"2131","773","5"
"862","774","16"
"863","774","17"
"856","775","15"
"855","776","16"
"854","778","5"
"853","778","15"
"1198","779","2"
"1199","779","22"
"1192","780","2"
"1193","780","22"
"1196","782","2"
"1197","782","22"
"1190","783","2"
"1191","783","22"
"571","784","2"
"1186","785","2"
"1187","785","22"
"1194","788","2"
"1195","788","22"
"1177","789","2"
"1178","789","22"
"1181","790","2"
"1182","790","22"
"569","791","2"
"570","791","22"
"1179","792","2"
"1180","792","22"
"1185","793","2"
"1183","794","2"
"1184","794","22"
"1175","795","2"
"1176","795","22"
"1169","796","2"
"1170","796","22"
"1171","797","2"
"1172","797","22"
"1173","798","2"
"1174","798","22"
"1188","800","2"
"1189","800","22"
"1231","801","2"
"1233","801","9"
"1234","801","21"
"1232","801","22"
"1229","802","9"
"1230","802","21"
"1143","803","10"
"1142","803","11"
"1140","803","20"
"1141","803","29"
"1150","804","11"
"1149","804","29"
"1227","805","9"
"1228","805","21"
"1225","806","9"
"1226","806","21"
"538","807","9"
"539","807","21"
"1223","808","9"
"1224","808","21"
"1221","810","7"
"1222","810","21"
"2109","811","7"
"1867","812","7"
"1868","812","21"
"1865","814","7"
"1866","814","21"
"1864","815","7"
"1863","815","22"
"1862","816","7"
"1861","816","22"
"1860","817","7"
"1859","817","22"
"1855","818","7"
"1852","818","8"
"1857","818","11"
"1853","818","22"
"1856","818","23"
"1858","818","24"
"1854","818","29"
"1850","819","7"
"1851","819","21"
"531","820","7"
"532","820","21"
"1849","821","8"
"1847","822","7"
"1846","822","9"
"1848","822","21"
"2072","823","7"
"2070","823","8"
"2073","823","10"
"2074","823","21"
"2071","823","30"
"1843","824","8"
"1845","824","10"
"1844","824","29"
"2076","825","7"
"2075","825","8"
"2078","825","10"
"2079","825","21"
"2077","825","23"
"1842","826","7"
"1841","827","8"
"1839","828","7"
"1840","828","21"
"1838","829","8"
"1836","830","7"
"1835","830","8"
"1837","830","21"
"1258","831","9"
"1259","831","21"
"536","832","9"
"537","832","21"
"1256","834","9"
"1257","834","21"
"1255","836","21"
"1253","837","9"
"1254","837","21"
"1251","838","9"
"1252","838","21"
"553","839","9"
"554","839","21"
"534","840","9"
"535","840","21"
"1249","841","9"
"1250","841","21"
"551","842","9"
"552","842","21"
"549","843","9"
"550","843","21"
"1247","844","9"
"1248","844","21"
"1245","845","9"
"1246","845","21"
"1243","846","9"
"1244","846","21"
"547","849","9"
"548","849","21"
"1241","850","9"
"1242","850","21"
"1239","852","9"
"1240","852","21"
"545","853","9"
"546","853","21"
"1237","854","9"
"1238","854","21"
"543","855","9"
"544","855","21"
"1235","857","9"
"1236","857","21"
"2340","861","16"
"646","866","3"
"644","867","1"
"642","867","3"
"641","867","20"
"643","867","24"
"640","867","25"
"637","868","12"
"636","869","12"
"635","870","12"
"632","871","12"
"634","872","12"
"633","873","12"
"631","874","1"
"630","875","1"
"629","875","23"
"627","876","3"
"628","876","11"
"849","877","18"
"850","877","19"
"843","878","18"
"844","878","19"
"841","879","18"
"842","879","19"
"839","880","18"
"840","880","19"
"837","881","18"
"838","881","19"
"835","882","16"
"836","882","17"
"830","883","6"
"831","883","16"
"832","883","17"
"833","883","19"
"829","884","15"
"834","885","15"
"827","886","18"
"828","886","19"
"826","887","15"
"577","888","5"
"576","888","15"
"824","889","18"
"825","889","19"
"851","890","18"
"852","890","19"
"823","891","5"
"822","891","15"
"575","892","5"
"574","892","15"
"592","893","6"
"591","893","18"
"593","893","19"
"589","894","18"
"590","894","19"
"587","895","18"
"588","895","19"
"585","896","18"
"586","896","19"
"583","897","6"
"582","897","18"
"584","897","19"
"581","898","5"
"580","898","15"
"578","899","16"
"579","899","17"
"626","900","15"
"2118","901","18"
"2119","901","19"
"1441","902","18"
"1442","902","19"
"2116","903","18"
"2117","903","19"
"2114","904","18"
"2115","904","19"
"2112","905","18"
"2113","905","19"
"2110","906","18"
"2111","906","19"
"845","907","18"
"846","907","19"
"847","908","18"
"848","908","19"
"813","909","5"
"914","910","9"
"915","910","21"
"912","911","9"
"913","911","21"
"910","912","9"
"911","912","21"
"907","913","9"
"908","913","21"
"909","914","5"
"900","915","1"
"897","915","5"
"898","915","7"
"896","915","8"
"901","915","10"
"899","915","23"
"2254","916","30"
"2251","917","30"
"2253","918","23"
"2252","918","30"
"1148","919","10"
"1147","919","11"
"1146","919","23"
"1144","919","25"
"1145","919","29"
"530","920","10"
"529","920","11"
"528","920","29"
"17","921","1"
"2598","923","3"
"2597","923","25"
"2602","925","3"
"2601","925","25"
"2653","926","1"
"2652","926","24"
"1424","928","4"
"1423","928","13"
"2685","929","12"
"2686","929","20"
"2696","930","1"
"2695","930","3"
"2694","930","23"
"19","932","2"
"2719","933","12"
"2724","934","1"
"2723","934","24"
"1644","935","9"
"1645","935","21"
"1646","936","9"
"1647","936","21"
"1652","937","9"
"1653","937","21"
"1654","938","2"
"1656","938","9"
"1657","938","21"
"1655","938","22"
"1682","940","9"
"1683","940","21"
"1631","943","11"
"1630","943","20"
"625","944","12"
"624","945","12"
"20","946","3"
"618","947","3"
"617","947","23"
"616","948","12"
"620","949","3"
"619","949","23"
"615","950","3"
"614","950","25"
"671","951","3"
"670","951","25"
"669","952","12"
"668","953","3"
"667","953","25"
"606","954","12"
"820","955","16"
"821","955","17"
"818","956","16"
"819","956","17"
"816","957","16"
"817","957","17"
"814","958","16"
"815","958","17"
"797","959","16"
"798","959","17"
"795","961","16"
"796","961","17"
"793","962","16"
"794","962","17"
"792","963","15"
"791","964","5"
"790","965","15"
"2931","967","1"
"2930","967","23"
"2929","968","3"
"2928","968","25"
"2897","969","12"
"2884","970","12"
"2883","971","12"
"2858","972","12"
"1603","973","7"
"21","974","17"
"332","975","16"
"333","975","17"
"161","977","6"
"162","977","16"
"157","978","6"
"158","978","16"
"95","979","5"
"94","979","15"
"91","980","18"
"92","980","19"
"89","981","18"
"90","981","19"
"88","982","19"
"52","983","4"
"36","984","18"
"1167","986","2"
"1168","986","22"
"1152","987","11"
"1151","987","29"
"533","988","2"
"555","989","9"
"556","989","21"
"567","990","2"
"568","990","22"
"573","992","4"
"572","992","5"
"2355","996","4"
"2353","996","16"
"2354","996","17"
"2356","997","15"
"811","998","18"
"812","998","19"
"809","999","18"
"810","999","19"
"807","1000","18"
"808","1000","19"
"805","1001","18"
"806","1001","19"
"803","1002","18"
"804","1002","19"
"802","1002","46"
"800","1003","18"
"801","1003","19"
"799","1003","46"
"787","1004","18"
"789","1004","19"
"788","1004","25"
"786","1004","46"
"784","1005","16"
"785","1005","17"
"781","1006","19"
"780","1006","46"
"779","1007","19"
"778","1007","46"
"777","1008","5"
"775","1009","16"
"776","1009","17"
"771","1011","6"
"772","1011","16"
"773","1011","17"
"774","1011","19"
"770","1013","5"
"769","1014","19"
"768","1014","46"
"766","1015","16"
"767","1015","17"
"765","1016","15"
"763","1017","16"
"764","1017","17"
"762","1018","19"
"761","1019","15"
"760","1020","15"
"759","1021","15"
"758","1022","15"
"757","1023","17"
"755","1024","16"
"756","1024","17"
"754","1026","15"
"753","1027","5"
"752","1027","15"
"751","1028","15"
"749","1029","16"
"750","1029","17"
"748","1030","5"
"747","1030","15"
"745","1031","16"
"746","1031","17"
"743","1032","16"
"744","1032","17"
"742","1033","5"
"741","1034","5"
"739","1035","16"
"740","1035","17"
"737","1036","16"
"738","1036","17"
"1451","1037","16"
"1452","1037","17"
"735","1039","16"
"736","1039","19"
"734","1040","19"
"733","1040","46"
"731","1041","18"
"732","1041","19"
"730","1042","19"
"729","1042","46"
"728","1043","19"
"727","1043","46"
"726","1044","19"
"725","1044","46"
"724","1045","19"
"723","1045","46"
"722","1046","19"
"721","1046","46"
"720","1047","19"
"719","1047","46"
"718","1048","19"
"717","1048","46"
"715","1049","16"
"716","1049","17"
"713","1050","16"
"714","1050","17"
"864","1051","19"
"881","1052","7"
"880","1052","9"
"882","1052","21"
"885","1054","9"
"886","1054","21"
"887","1055","7"
"888","1055","21"
"923","1056","2"
"924","1056","22"
"921","1057","2"
"922","1057","22"
"918","1058","2"
"920","1058","11"
"919","1058","22"
"903","1059","7"
"902","1059","8"
"904","1060","7"
"906","1061","4"
"905","1061","8"
"916","1062","2"
"917","1062","22"
"925","1063","2"
"926","1063","22"
"927","1064","2"
"928","1064","22"
"929","1065","2"
"930","1065","22"
"895","1066","10"
"894","1066","29"
"893","1067","10"
"892","1067","11"
"891","1067","29"
"890","1068","11"
"889","1068","29"
"883","1069","9"
"884","1069","21"
"1444","1070","4"
"1443","1070","13"
"1450","1071","4"
"1449","1071","13"
"931","1073","13"
"932","1073","14"
"1425","1074","13"
"1426","1074","14"
"1435","1075","4"
"1433","1075","13"
"1434","1075","14"
"1432","1076","4"
"1430","1076","13"
"1431","1076","14"
"1429","1077","4"
"1427","1077","13"
"1428","1077","14"
"1438","1078","4"
"1436","1078","13"
"1437","1078","14"
"1422","1079","4"
"1420","1079","13"
"1421","1079","14"
"598","1081","1"
"596","1081","3"
"595","1081","20"
"597","1081","24"
"594","1081","25"
"601","1082","3"
"647","1083","1"
"600","1084","1"
"648","1085","3"
"649","1086","1"
"602","1087","12"
"651","1088","1"
"650","1088","12"
"652","1089","3"
"603","1090","1"
"653","1091","1"
"655","1092","1"
"654","1092","23"
"656","1093","1"
"604","1094","12"
"605","1095","1"
"659","1096","1"
"657","1096","20"
"658","1096","24"
"661","1097","3"
"660","1097","25"
"662","1098","1"
"664","1099","3"
"663","1099","25"
"666","1100","3"
"665","1100","25"
"607","1101","3"
"608","1101","24"
"610","1102","1"
"609","1102","24"
"612","1103","3"
"611","1103","25"
"613","1104","3"
"621","1106","1"
"622","1107","1"
"623","1108","1"
"599","1109","3"
"639","1111","3"
"638","1111","25"
"645","1112","12"
"673","1114","3"
"672","1114","25"
"675","1115","1"
"674","1115","3"
"677","1116","3"
"676","1116","25"
"679","1117","3"
"678","1117","25"
"681","1118","1"
"680","1118","23"
"683","1119","3"
"682","1119","25"
"711","1120","16"
"712","1120","17"
"709","1121","16"
"710","1121","17"
"708","1122","17"
"706","1123","16"
"707","1123","17"
"704","1124","16"
"705","1124","17"
"703","1125","15"
"701","1126","16"
"702","1126","17"
"699","1127","6"
"698","1127","18"
"700","1127","19"
"696","1129","6"
"695","1129","18"
"697","1129","19"
"693","1130","6"
"692","1130","18"
"694","1130","19"
"690","1131","16"
"691","1131","17"
"688","1132","16"
"689","1132","17"
"687","1133","6"
"686","1133","18"
"684","1134","16"
"685","1134","17"
"782","1135","16"
"783","1135","17"
"870","1138","5"
"869","1138","15"
"868","1139","5"
"867","1139","15"
"866","1140","19"
"865","1140","46"
"879","1141","1"
"878","1142","3"
"877","1142","23"
"876","1143","1"
"875","1143","3"
"874","1144","3"
"873","1144","25"
"872","1145","3"
"871","1145","25"
"1381","1146","6"
"1382","1146","16"
"1380","1147","19"
"1379","1147","46"
"1378","1148","19"
"1377","1148","46"
"1376","1149","19"
"1375","1149","46"
"1374","1150","19"
"1373","1150","46"
"1372","1151","19"
"1371","1151","46"
"1370","1152","19"
"1369","1152","46"
"1368","1153","2"
"1366","1154","6"
"1367","1154","19"
"1365","1154","46"
"1364","1155","19"
"1363","1155","46"
"1362","1156","2"
"1361","1158","5"
"1360","1158","15"
"1358","1159","16"
"1359","1159","17"
"1357","1159","18"
"1355","1160","16"
"1356","1160","17"
"1354","1161","15"
"1352","1162","16"
"1353","1162","17"
"1351","1163","15"
"1350","1164","5"
"1349","1164","15"
"1348","1165","5"
"1347","1165","15"
"1346","1166","5"
"1345","1166","15"
"1344","1167","15"
"1342","1168","5"
"1343","1168","25"
"1097","1169","12"
"1096","1171","12"
"1095","1172","12"
"1094","1173","12"
"1093","1174","12"
"1092","1175","12"
"1091","1176","12"
"1090","1177","12"
"1456","1178","19"
"1455","1178","46"
"1454","1179","19"
"1453","1179","46"
"1448","1180","19"
"1447","1180","46"
"1467","1181","15"
"1470","1182","4"
"1468","1182","18"
"1469","1182","20"
"1471","1183","16"
"1472","1183","17"
"1473","1184","16"
"1474","1184","17"
"1475","1185","16"
"1476","1185","17"
"1478","1186","4"
"1477","1186","8"
"1480","1187","4"
"1479","1187","13"
"1483","1188","4"
"1481","1188","13"
"1482","1188","14"
"1485","1189","4"
"1484","1189","13"
"1466","1190","4"
"1465","1190","13"
"1464","1192","4"
"1463","1192","13"
"1446","1193","19"
"1445","1193","46"
"1439","1194","18"
"1440","1194","19"
"975","1195","18"
"976","1195","19"
"979","1197","4"
"978","1197","13"
"977","1197","15"
"980","1198","6"
"981","1198","16"
"982","1198","17"
"983","1200","16"
"984","1200","19"
"985","1202","18"
"986","1202","19"
"989","1204","4"
"987","1204","13"
"988","1204","18"
"991","1205","4"
"990","1205","13"
"935","1206","4"
"933","1206","13"
"934","1206","14"
"938","1207","4"
"937","1207","13"
"936","1207","15"
"940","1208","6"
"939","1208","18"
"941","1208","19"
"942","1209","18"
"943","1209","19"
"944","1210","6"
"945","1210","19"
"948","1212","4"
"946","1212","13"
"947","1212","18"
"949","1212","19"
"951","1213","4"
"950","1213","13"
"954","1214","4"
"952","1214","13"
"953","1214","14"
"955","1215","14"
"956","1215","16"
"957","1215","17"
"960","1216","4"
"958","1216","13"
"959","1216","14"
"962","1217","5"
"961","1217","15"
"965","1218","4"
"963","1218","16"
"964","1218","17"
"974","1219","4"
"972","1219","13"
"973","1219","14"
"971","1220","4"
"969","1220","13"
"970","1220","14"
"968","1221","4"
"966","1221","13"
"967","1221","14"
"992","1222","18"
"993","1222","19"
"996","1223","4"
"994","1223","13"
"995","1223","14"
"998","1224","4"
"997","1224","13"
"999","1225","6"
"1000","1225","16"
"1001","1226","18"
"1002","1226","19"
"1003","1227","18"
"1004","1227","19"
"1005","1228","6"
"1006","1228","16"
"1009","1229","4"
"1007","1229","13"
"1008","1229","14"
"1012","1230","4"
"1010","1230","13"
"1011","1230","14"
"1015","1231","4"
"1013","1231","13"
"1014","1231","14"
"2843","1232","4"
"2840","1232","6"
"2842","1232","13"
"2841","1232","19"
"1018","1234","4"
"1016","1234","13"
"1017","1234","14"
"1020","1235","4"
"1019","1235","13"
"1023","1236","4"
"1021","1236","13"
"1022","1236","14"
"1024","1238","18"
"1025","1238","19"
"1026","1239","18"
"1027","1239","19"
"1030","1240","4"
"1028","1240","13"
"1029","1240","14"
"1031","1241","18"
"1032","1241","19"
"1033","1242","18"
"1034","1242","19"
"1035","1244","18"
"1036","1244","19"
"1037","1246","18"
"1038","1246","19"
"1042","1247","4"
"1040","1247","5"
"1041","1247","13"
"1039","1247","15"
"1043","1248","6"
"1044","1248","16"
"1045","1248","19"
"1050","1249","4"
"1046","1249","6"
"1048","1249","13"
"1049","1249","14"
"1047","1249","19"
"1051","1250","6"
"1052","1250","16"
"1057","1251","4"
"1054","1251","5"
"1055","1251","13"
"1056","1251","14"
"1053","1251","15"
"1058","1252","18"
"1059","1252","19"
"1060","1253","6"
"1061","1253","16"
"1062","1254","6"
"1063","1254","17"
"1064","1255","6"
"1067","1256","4"
"1065","1256","13"
"1066","1256","14"
"1070","1257","4"
"1068","1257","13"
"1069","1257","14"
"1072","1258","3"
"1071","1258","30"
"1074","1259","3"
"1073","1259","30"
"1075","1260","1"
"1076","1261","1"
"1080","1262","1"
"1079","1262","3"
"1078","1262","23"
"1077","1262","30"
"1082","1263","1"
"1081","1263","3"
"1085","1264","1"
"1084","1264","3"
"1083","1264","30"
"1087","1265","1"
"1086","1265","3"
"1089","1266","3"
"1088","1266","23"
"1123","1267","9"
"1124","1268","9"
"1125","1268","21"
"1126","1269","9"
"1127","1269","21"
"1128","1270","9"
"1129","1270","21"
"1130","1271","9"
"1131","1271","21"
"1132","1273","9"
"1133","1274","9"
"1134","1274","21"
"1135","1275","9"
"1136","1275","21"
"1113","1277","7"
"1111","1277","8"
"1115","1277","10"
"1114","1277","11"
"1112","1277","29"
"1117","1278","10"
"1116","1278","29"
"1118","1279","6"
"1119","1279","11"
"1121","1280","10"
"1120","1280","29"
"1122","1281","11"
"1099","1282","5"
"1098","1282","15"
"1101","1283","4"
"1100","1283","15"
"1108","1284","3"
"1107","1284","25"
"1110","1285","1"
"1109","1285","23"
"1103","1286","3"
"1102","1286","25"
"1106","1287","1"
"1105","1287","3"
"1104","1287","25"
"1138","1288","20"
"1139","1288","23"
"1137","1288","30"
"1202","1289","11"
"1204","1290","9"
"1203","1290","22"
"1205","1291","9"
"1206","1291","21"
"1207","1292","2"
"1208","1292","22"
"1209","1293","2"
"1210","1293","22"
"1211","1294","2"
"1212","1294","22"
"1213","1295","2"
"1214","1295","22"
"1215","1296","2"
"1216","1296","22"
"1217","1297","2"
"1218","1297","22"
"1219","1298","2"
"1220","1298","22"
"1261","1299","3"
"1260","1299","25"
"1263","1300","3"
"1262","1300","25"
"1265","1301","3"
"1264","1301","25"
"1266","1302","1"
"1267","1303","1"
"1268","1304","1"
"1269","1305","1"
"1270","1306","12"
"1271","1307","12"
"1272","1308","12"
"1273","1309","12"
"1275","1310","3"
"1274","1310","30"
"1276","1311","1"
"1280","1312","11"
"1279","1312","23"
"1277","1312","25"
"1278","1312","30"
"1281","1313","7"
"1282","1314","7"
"1283","1315","18"
"1284","1315","19"
"1285","1316","18"
"1286","1316","19"
"1288","1317","19"
"1287","1317","46"
"1290","1318","19"
"1289","1318","46"
"1292","1319","19"
"1291","1319","46"
"1294","1320","19"
"1293","1320","46"
"1296","1321","19"
"1295","1321","46"
"1298","1322","19"
"1297","1322","46"
"1300","1323","19"
"1299","1323","46"
"1302","1324","19"
"1301","1324","46"
"1304","1325","18"
"1305","1325","19"
"1303","1325","46"
"1307","1326","19"
"1306","1326","46"
"1309","1327","19"
"1308","1327","46"
"1311","1328","19"
"1310","1328","46"
"1313","1329","19"
"1312","1329","46"
"1315","1330","19"
"1314","1330","46"
"1317","1331","5"
"1316","1331","15"
"1319","1332","5"
"1318","1332","15"
"1321","1333","5"
"1320","1333","15"
"1322","1335","15"
"1323","1336","6"
"1325","1337","16"
"1324","1337","18"
"1326","1338","16"
"1327","1339","16"
"1328","1340","6"
"1329","1341","6"
"1331","1342","5"
"1330","1342","15"
"1333","1343","4"
"1332","1343","26"
"1334","1345","15"
"1335","1346","46"
"1337","1347","17"
"1336","1347","46"
"1339","1349","17"
"1338","1349","46"
"1341","1350","17"
"1340","1350","46"
"1383","1351","16"
"1384","1351","17"
"1385","1352","17"
"1386","1353","16"
"1387","1353","17"
"1388","1354","16"
"1389","1354","17"
"1390","1355","16"
"1391","1355","17"
"1392","1356","16"
"1393","1356","17"
"1396","1357","16"
"1397","1357","17"
"1395","1357","18"
"1398","1357","19"
"1394","1357","46"
"1399","1358","6"
"1400","1358","19"
"1402","1359","19"
"1401","1359","46"
"1404","1360","19"
"1403","1360","46"
"1405","1361","6"
"1406","1361","19"
"1407","1362","6"
"1408","1362","19"
"1409","1363","6"
"1410","1363","19"
"1411","1364","16"
"1412","1364","17"
"1413","1364","19"
"1415","1365","19"
"1414","1365","46"
"1417","1366","16"
"1418","1366","17"
"1416","1366","18"
"1419","1366","19"
"1457","1367","2"
"1458","1367","22"
"1459","1368","2"
"1460","1368","22"
"1461","1369","2"
"1462","1369","22"
"1489","1370","6"
"1488","1370","18"
"1491","1371","6"
"1490","1371","18"
"1487","1372","6"
"1486","1372","18"
"1493","1373","1"
"1492","1373","23"
"1495","1374","5"
"1494","1374","15"
"1496","1375","16"
"1498","1376","5"
"1497","1376","15"
"1499","1377","16"
"1500","1377","17"
"1501","1378","13"
"1502","1378","26"
"1503","1379","16"
"1504","1379","17"
"1505","1380","5"
"1506","1381","3"
"1507","1382","1"
"1508","1383","3"
"1509","1384","1"
"1510","1385","1"
"1511","1386","3"
"1512","1387","3"
"1513","1388","1"
"1514","1389","2"
"1515","1389","22"
"1516","1390","2"
"1517","1390","22"
"1518","1391","9"
"1519","1391","21"
"1520","1392","9"
"1521","1393","9"
"1522","1393","21"
"1523","1394","9"
"1524","1394","21"
"1525","1395","6"
"1527","1396","6"
"1526","1396","18"
"1529","1397","6"
"1528","1397","18"
"1531","1399","6"
"1530","1399","18"
"1532","1400","4"
"1534","1401","3"
"1533","1401","25"
"1536","1402","3"
"1535","1402","25"
"1539","1403","1"
"1537","1403","20"
"1538","1403","24"
"1540","1404","3"
"1542","1405","3"
"1541","1405","25"
"1543","1406","1"
"1544","1407","1"
"1573","1408","9"
"1574","1408","21"
"1575","1409","9"
"1576","1409","21"
"1643","1410","5"
"1642","1410","15"
"1686","1412","9"
"1687","1412","21"
"1693","1413","10"
"1692","1413","11"
"1689","1413","20"
"1691","1413","23"
"1690","1413","29"
"1688","1413","30"
"1696","1414","11"
"1695","1414","23"
"1694","1414","30"
"1697","1415","8"
"1698","1416","8"
"1699","1417","7"
"1700","1418","7"
"1701","1418","21"
"1703","1419","7"
"1702","1419","8"
"1705","1420","7"
"1704","1420","8"
"1706","1420","21"
"1707","1421","1"
"1708","1422","12"
"1709","1423","12"
"1710","1424","12"
"1711","1425","1"
"1714","1426","7"
"1712","1426","8"
"1713","1426","20"
"1715","1426","21"
"1716","1427","8"
"1718","1427","23"
"1717","1427","30"
"1721","1428","7"
"1719","1428","8"
"1724","1428","10"
"1723","1428","11"
"1722","1428","23"
"1720","1428","29"
"1726","1429","5"
"1725","1429","15"
"1728","1430","5"
"1727","1430","15"
"1729","1431","16"
"1730","1432","16"
"1739","1433","16"
"1740","1433","17"
"1741","1433","19"
"1731","1434","16"
"1732","1434","17"
"1733","1436","16"
"1734","1436","17"
"1735","1437","16"
"1736","1437","17"
"1737","1438","16"
"1738","1438","17"
"1743","1439","10"
"1742","1439","29"
"1745","1440","10"
"1744","1440","29"
"1747","1441","10"
"1746","1441","23"
"1749","1442","5"
"1748","1442","15"
"1750","1443","15"
"1752","1444","5"
"1751","1444","15"
"1753","1445","5"
"1755","1445","14"
"1754","1445","26"
"1756","1445","29"
"1758","1447","5"
"1757","1447","15"
"1759","1448","15"
"1760","1449","15"
"1761","1451","15"
"1762","1452","16"
"1763","1452","17"
"1764","1453","16"
"1765","1453","17"
"1766","1454","16"
"1767","1454","17"
"1768","1455","16"
"1769","1455","17"
"1770","1456","16"
"1771","1456","17"
"1772","1457","16"
"1773","1457","17"
"1774","1458","16"
"1775","1458","17"
"1776","1459","46"
"1778","1460","19"
"1777","1460","46"
"1779","1461","16"
"1780","1461","17"
"1781","1462","16"
"1782","1462","17"
"1787","1463","4"
"1784","1463","5"
"1786","1463","6"
"1783","1463","15"
"1785","1463","18"
"1789","1464","6"
"1788","1464","18"
"1791","1465","6"
"1790","1465","18"
"1792","1466","6"
"1793","1467","6"
"1794","1467","19"
"1796","1468","6"
"1795","1468","18"
"1797","1469","1"
"1798","1470","3"
"1799","1471","1"
"1801","1472","3"
"1800","1472","25"
"1803","1473","3"
"1802","1473","25"
"1805","1474","3"
"1804","1474","25"
"1806","1475","1"
"1810","1476","1"
"1808","1476","20"
"1809","1476","24"
"1807","1476","30"
"1812","1477","19"
"1811","1477","46"
"1815","1478","4"
"1813","1478","13"
"1814","1478","14"
"1818","1479","4"
"1816","1479","13"
"1817","1479","14"
"1819","1480","46"
"1822","1481","4"
"1820","1481","13"
"1821","1481","14"
"1825","1482","4"
"1823","1482","13"
"1824","1482","14"
"1826","1483","46"
"1828","1485","19"
"1827","1485","46"
"1830","1486","19"
"1829","1486","46"
"1833","1487","4"
"1831","1487","13"
"1832","1487","14"
"1834","1488","14"
"1869","1490","10"
"1870","1490","21"
"1872","1491","6"
"1871","1491","18"
"1874","1493","6"
"1873","1493","18"
"1875","1494","15"
"1876","1495","16"
"1877","1495","17"
"1878","1496","16"
"1879","1496","17"
"1880","1497","16"
"1882","1498","19"
"1881","1498","46"
"1884","1499","19"
"1883","1499","46"
"1886","1500","19"
"1885","1500","46"
"1888","1501","19"
"1887","1501","46"
"1890","1502","19"
"1889","1502","46"
"1892","1504","19"
"1891","1504","46"
"1894","1505","19"
"1893","1505","46"
"1897","1506","4"
"1895","1506","13"
"1896","1506","14"
"1900","1507","4"
"1898","1507","13"
"1899","1507","14"
"1903","1508","4"
"1901","1508","13"
"1902","1508","14"
"1905","1509","5"
"1904","1509","15"
"1907","1511","5"
"1906","1511","15"
"1908","1512","15"
"1910","1513","5"
"1909","1513","15"
"1911","1514","3"
"1915","1515","1"
"1914","1515","23"
"1913","1516","3"
"1912","1516","25"
"1917","1517","3"
"1916","1517","25"
"1918","1518","1"
"1920","1519","3"
"1919","1519","25"
"1922","1520","1"
"1921","1520","23"
"1924","1521","3"
"1923","1521","25"
"1926","1522","19"
"1925","1522","46"
"1928","1523","19"
"1927","1523","46"
"1930","1524","19"
"1929","1524","46"
"1932","1525","19"
"1931","1525","46"
"1934","1526","19"
"1933","1526","46"
"1936","1527","19"
"1935","1527","46"
"1938","1528","19"
"1937","1528","46"
"1940","1529","19"
"1939","1529","46"
"1942","1530","19"
"1941","1530","46"
"1943","1531","8"
"1945","1531","23"
"1944","1531","30"
"1946","1532","7"
"1948","1533","7"
"1947","1533","8"
"1949","1534","8"
"1950","1534","23"
"1953","1535","7"
"1951","1535","8"
"1952","1535","9"
"1954","1535","21"
"1956","1536","1"
"1955","1536","8"
"1958","1537","7"
"1957","1537","8"
"1960","1538","7"
"1959","1538","8"
"1962","1539","7"
"1961","1539","8"
"1963","1539","23"
"1964","1540","8"
"1968","1540","10"
"1967","1540","23"
"1966","1540","29"
"1965","1540","30"
"1969","1541","7"
"1970","1541","21"
"1972","1542","7"
"1971","1542","8"
"1974","1542","21"
"1973","1542","23"
"1975","1543","7"
"1976","1543","21"
"1979","1544","7"
"1977","1544","8"
"1978","1544","20"
"1980","1544","21"
"1981","1545","7"
"1982","1545","21"
"1985","1546","4"
"1983","1546","13"
"1984","1546","14"
"1988","1547","4"
"1986","1547","13"
"1987","1547","14"
"1989","1548","8"
"1990","1549","8"
"1991","1549","29"
"1994","1550","11"
"1993","1550","20"
"1992","1550","30"
"1997","1551","10"
"1996","1551","23"
"1995","1551","29"
"2000","1552","10"
"1999","1552","23"
"1998","1552","29"
"2001","1553","5"
"2002","1553","13"
"2003","1554","5"
"2004","1554","13"
"2005","1555","5"
"2006","1555","21"
"2008","1556","5"
"2007","1556","15"
"2010","1557","19"
"2009","1557","46"
"2012","1558","19"
"2011","1558","46"
"2014","1559","19"
"2013","1559","46"
"2016","1560","19"
"2015","1560","46"
"2018","1561","19"
"2017","1561","46"
"2020","1562","19"
"2019","1562","46"
"2022","1563","19"
"2021","1563","46"
"2024","1564","19"
"2023","1564","46"
"2026","1565","19"
"2025","1565","46"
"2028","1566","19"
"2027","1566","46"
"2030","1567","6"
"2029","1567","18"
"2032","1568","6"
"2031","1568","18"
"2034","1569","6"
"2033","1569","18"
"2036","1570","6"
"2035","1570","18"
"2037","1572","12"
"2038","1573","12"
"2039","1574","12"
"2040","1575","9"
"2041","1575","21"
"2042","1576","9"
"2043","1576","21"
"2044","1577","9"
"2045","1577","21"
"2047","1578","19"
"2046","1578","46"
"2049","1579","19"
"2048","1579","46"
"2051","1580","19"
"2050","1580","46"
"2053","1581","19"
"2052","1581","46"
"2055","1582","19"
"2054","1582","46"
"2057","1583","19"
"2056","1583","46"
"2059","1584","19"
"2058","1584","46"
"2061","1585","19"
"2060","1585","46"
"2063","1586","19"
"2062","1586","46"
"2065","1587","19"
"2064","1587","46"
"2067","1588","19"
"2066","1588","46"
"2069","1589","19"
"2068","1589","46"
"2081","1590","7"
"2080","1590","8"
"2083","1590","21"
"2082","1590","23"
"2085","1591","7"
"2084","1591","8"
"2087","1591","21"
"2086","1591","23"
"2088","1592","7"
"2090","1592","10"
"2091","1592","21"
"2089","1592","23"
"2093","1593","7"
"2095","1593","10"
"2092","1593","20"
"2094","1593","24"
"2098","1594","7"
"2096","1594","8"
"2100","1594","10"
"2097","1594","20"
"2101","1594","21"
"2099","1594","23"
"2104","1595","7"
"2102","1595","8"
"2103","1595","20"
"2105","1595","23"
"2106","1596","9"
"2108","1597","7"
"2107","1597","8"
"2153","1598","3"
"2168","1599","11"
"2169","1600","11"
"2198","1601","18"
"2199","1601","19"
"2200","1602","18"
"2201","1602","19"
"2202","1603","18"
"2203","1603","19"
"2205","1604","19"
"2204","1604","46"
"2207","1605","19"
"2206","1605","46"
"2208","1606","18"
"2209","1606","19"
"2210","1607","18"
"2211","1607","19"
"2213","1608","19"
"2212","1608","46"
"2215","1609","19"
"2214","1609","46"
"2217","1610","19"
"2216","1610","46"
"2218","1611","18"
"2219","1611","19"
"2220","1612","18"
"2221","1612","19"
"2222","1613","18"
"2223","1613","19"
"2224","1614","18"
"2225","1614","19"
"2226","1615","18"
"2227","1615","19"
"2228","1616","18"
"2229","1616","19"
"2231","1617","19"
"2230","1617","46"
"2233","1618","19"
"2232","1618","46"
"2235","1619","19"
"2234","1619","46"
"2238","1620","6"
"2237","1620","18"
"2239","1620","19"
"2236","1620","46"
"2242","1621","4"
"2240","1621","13"
"2241","1621","14"
"2244","1622","5"
"2243","1622","15"
"2245","1623","8"
"2246","1623","30"
"2247","1624","9"
"2248","1624","21"
"2250","1625","23"
"2249","1625","30"
"2392","1626","4"
"2393","1627","2"
"2394","1627","22"
"2395","1628","2"
"2396","1629","46"
"2397","1630","17"
"2398","1631","16"
"2399","1632","16"
"2400","1633","16"
"2401","1633","17"
"2402","1634","16"
"2403","1634","17"
"2405","1635","23"
"2404","1635","30"
"2406","1636","30"
"2407","1638","30"
"2408","1639","30"
"2409","1640","30"
"2411","1641","23"
"2410","1641","30"
"2414","1642","4"
"2413","1642","13"
"2412","1642","15"
"2416","1643","1"
"2415","1643","24"
"2418","1644","1"
"2417","1644","23"
"2420","1645","1"
"2419","1645","23"
"2422","1646","1"
"2421","1646","23"
"2423","1647","1"
"2425","1648","3"
"2424","1648","25"
"2426","1649","3"
"2427","1650","3"
"2430","1651","4"
"2428","1651","13"
"2429","1651","14"
"2433","1652","4"
"2431","1652","13"
"2432","1652","14"
"2436","1653","4"
"2434","1653","13"
"2435","1653","14"
"2437","1654","9"
"2438","1654","21"
"2439","1655","9"
"2440","1655","21"
"2441","1656","2"
"2442","1656","22"
"2443","1657","2"
"2444","1657","22"
"2445","1658","2"
"2446","1658","22"
"2447","1659","2"
"2448","1659","22"
"2449","1660","2"
"2450","1660","22"
"2451","1661","2"
"2452","1661","22"
"2453","1662","2"
"2454","1662","22"
"2455","1664","2"
"2456","1664","22"
"2457","1665","2"
"2458","1665","22"
"2459","1666","7"
"2460","1667","7"
"2461","1667","21"
"2462","1669","7"
"2463","1669","21"
"2465","1670","5"
"2464","1670","15"
"2467","1671","5"
"2466","1671","15"
"2469","1672","5"
"2468","1672","15"
"2470","1673","15"
"2472","1674","15"
"2471","1675","15"
"2474","1676","19"
"2473","1676","46"
"2476","1677","19"
"2475","1677","46"
"2478","1678","19"
"2477","1678","46"
"2480","1679","19"
"2479","1679","46"
"2482","1680","19"
"2481","1680","46"
"2484","1681","19"
"2483","1681","46"
"2486","1682","19"
"2485","1682","46"
"2488","1683","19"
"2487","1683","46"
"2490","1684","19"
"2489","1684","46"
"2492","1685","19"
"2491","1685","46"
"2494","1686","7"
"2493","1686","8"
"2496","1687","19"
"2495","1687","46"
"2498","1688","19"
"2497","1688","46"
"2500","1689","19"
"2499","1689","46"
"2502","1691","19"
"2501","1691","46"
"2503","1692","18"
"2504","1692","19"
"2507","1693","4"
"2505","1693","13"
"2506","1693","26"
"2508","1696","18"
"2509","1696","19"
"2511","1697","19"
"2510","1697","46"
"2513","1698","19"
"2512","1698","46"
"2515","1699","19"
"2514","1699","46"
"2517","1700","19"
"2516","1700","46"
"2519","1701","19"
"2518","1701","46"
"2521","1702","19"
"2520","1702","46"
"2523","1704","19"
"2522","1704","46"
"2525","1705","19"
"2524","1705","46"
"2526","1706","11"
"2527","1707","11"
"2528","1708","6"
"2529","1709","16"
"2530","1709","17"
"2531","1710","16"
"2532","1710","17"
"2533","1711","6"
"2534","1712","6"
"2535","1713","16"
"2536","1713","17"
"2537","1714","16"
"2538","1714","17"
"2539","1715","16"
"2540","1715","17"
"2541","1716","2"
"2542","1716","22"
"2543","1717","16"
"2544","1717","17"
"2545","1718","16"
"2546","1718","17"
"2547","1719","16"
"2548","1719","17"
"2549","1720","16"
"2550","1720","17"
"2551","1721","16"
"2552","1721","17"
"2554","1722","6"
"2553","1722","18"
"2555","1723","16"
"2556","1723","17"
"2557","1724","6"
"2558","1724","17"
"2560","1725","19"
"2559","1725","46"
"2562","1726","6"
"2561","1726","18"
"2563","1727","16"
"2564","1727","17"
"2566","1728","6"
"2565","1728","18"
"2568","1729","6"
"2567","1729","18"
"2569","1731","18"
"2571","1732","6"
"2570","1732","18"
"2573","1733","6"
"2572","1733","18"
"2575","1734","6"
"2574","1734","18"
"2585","1735","3"
"2587","1736","1"
"2586","1736","23"
"2651","1740","1"
"2743","1743","4"
"2741","1743","13"
"2742","1743","26"
"2745","1745","6"
"2744","1745","18"
"2747","1746","6"
"2746","1746","18"
"2748","1747","16"
"2749","1747","17"
"2750","1748","16"
"2751","1748","17"
"2752","1749","16"
"2753","1749","17"
"2754","1750","16"
"2755","1750","17"
"2757","1751","19"
"2756","1751","46"
"2759","1752","19"
"2758","1752","46"
"2761","1753","19"
"2760","1753","46"
"2763","1754","19"
"2762","1754","46"
"2765","1755","19"
"2764","1755","46"
"2767","1756","19"
"2766","1756","46"
"2769","1757","19"
"2768","1757","46"
"2771","1758","19"
"2770","1758","46"
"2773","1759","19"
"2772","1759","46"
"2775","1760","19"
"2774","1760","46"
"2777","1761","19"
"2776","1761","46"
"2779","1762","19"
"2778","1762","46"
"2781","1763","19"
"2780","1763","46"
"2783","1764","19"
"2782","1764","46"
"2785","1765","19"
"2784","1765","46"
"2787","1766","19"
"2786","1766","46"
"2789","1767","19"
"2788","1767","46"
"2790","1768","16"
"2791","1768","17"
"2792","1769","16"
"2793","1769","17"
"2794","1770","16"
"2795","1770","17"
"2797","1771","6"
"2796","1771","18"
"2799","1772","6"
"2798","1772","18"
"2801","1773","6"
"2800","1773","18"
"2803","1774","6"
"2802","1774","18"
"2805","1775","19"
"2804","1775","46"
"2807","1776","19"
"2806","1776","46"
"2809","1777","19"
"2808","1777","46"
"2811","1778","19"
"2810","1778","46"
"2812","1779","19"
"2814","1780","19"
"2813","1780","46"
"2816","1781","19"
"2815","1781","46"
"2820","1782","1"
"2818","1782","3"
"2819","1782","24"
"2817","1782","25"
"2822","1783","1"
"2821","1783","3"
"2824","1784","1"
"2823","1784","3"
"2825","1785","3"
"2826","1786","3"
"2827","1787","3"
"2829","1788","10"
"2828","1788","29"
"2830","1789","10"
"2834","1790","10"
"2833","1790","24"
"2831","1790","25"
"2832","1790","29"
"2836","1791","10"
"2835","1791","29"
"2839","1792","4"
"2838","1792","5"
"2837","1792","15"
"2988","1793","1"
"2987","1793","3"
"2989","1794","1"
"2990","1795","5"
"2991","1796","19"
"2992","1797","2"
"2993","1797","22"
"2994","1798","2"
"2995","1798","22"
"2996","1799","2"
"2997","1799","22"
"2998","1800","2"
"2999","1800","22"
"3000","1802","9"
"3001","1802","21"
"3002","1803","9"
"3003","1803","21"
"3004","1804","9"
"3005","1804","21"
"3006","1805","9"
"3007","1805","21"
"3008","1806","9"
"3009","1806","21"
"3011","1807","7"
"3010","1807","8"
"3012","1808","7"
"3013","1808","23"
"3014","1809","7"
"3015","1809","23"
"3016","1810","7"
"3017","1810","23"
"3018","1811","7"
"3019","1811","23"
"3021","1813","5"
"3020","1813","15"
"3023","1814","5"
"3022","1814","15"
"3025","1815","5"
"3024","1815","15"
"3027","1816","5"
"3026","1816","15"
"3028","1817","16"
"3029","1818","16"
"3030","1819","17"
"3031","1820","16"
"3032","1821","16"
"3033","1821","17"
"3034","1822","12"
"3035","1823","12"
"3036","1824","12"
"3037","1825","12"
"3038","1825","30"
"3039","1826","12"
"3040","1827","12"
"3042","1828","5"
"3041","1828","15"
"3043","1829","15"
"3044","1830","15"
"3045","1831","12"
"3046","1832","12"
"3047","1833","12"
"3049","1834","3"
"3048","1834","12"
"3051","1835","3"
"3050","1835","30"
"3053","1836","3"
"3052","1836","25"
"3055","1837","3"
"3054","1837","30"
"3056","1838","1"
"3057","1839","1"
"3058","1840","1"
"3059","1841","1"
"3060","1842","1"
"3064","1843","1"
"3062","1843","20"
"3063","1843","24"
"3061","1843","25"
"3065","1844","1"
"3066","1845","1"
"3067","1846","46"
"3068","1848","46"
"3069","1849","6"
"3070","1850","6"
"3071","1851","6"
"3072","1852","6"
"3073","1853","46"
"3074","1854","6"
"3075","1855","6"
"3076","1856","13"
"3077","1856","14"
"3079","1857","5"
"3078","1857","15"
"3081","1858","5"
"3080","1858","15"
"3082","1859","15"
"3083","1860","5"
"3084","1860","13"
"3086","1861","19"
"3085","1861","46"
"3088","1862","19"
"3087","1862","46"
"3090","1863","19"
"3089","1863","46"
"3092","1864","19"
"3091","1864","46"
"3094","1865","19"
"3093","1865","46"
"3096","1866","19"
"3095","1866","46"
"3098","1867","19"
"3097","1867","46"
"3100","1868","19"
"3099","1868","46"
"3102","1869","19"
"3101","1869","46"
"3104","1870","19"
"3103","1870","46"
"3106","1871","19"
"3105","1871","46"
"3108","1872","19"
"3107","1872","46"
"3110","1873","19"
"3109","1873","46"
"3112","1874","19"
"3111","1874","46"
"3114","1875","19"
"3113","1875","46"
"3116","1876","19"
"3115","1876","46"
"3118","1877","19"
"3117","1877","46"
"3120","1878","19"
"3119","1878","46"
"3122","1879","19"
"3121","1879","46"
"3124","1880","19"
"3123","1880","46"
"3126","1881","19"
"3125","1881","46"
"3127","1882","19"
"3129","1883","19"
"3128","1883","46"
"3131","1884","19"
"3130","1884","46"
"3133","1885","19"
"3132","1885","46"
"3135","1886","19"
"3134","1886","46"
"3137","1887","19"
"3136","1887","46"
"3139","1888","19"
"3138","1888","46"
"3141","1889","19"
"3140","1889","46"
"3143","1890","19"
"3142","1890","46"
"3145","1891","19"
"3144","1891","46"
"3147","1892","19"
"3146","1892","46"
"3148","1893","14"
"3151","1894","4"
"3149","1894","13"
"3150","1894","14"
"3154","1895","4"
"3152","1895","13"
"3153","1895","14"
"3157","1896","4"
"3155","1896","13"
"3156","1896","14"
"3160","1897","4"
"3158","1897","13"
"3159","1897","14"
"3163","1898","4"
"3161","1898","13"
"3162","1898","14"
"3164","1899","13"
"3165","1899","14"
"3166","1900","13"
"3167","1900","14"
"3168","1902","13"
"3169","1902","14"
"3170","1903","13"
"3173","1904","4"
"3171","1904","13"
"3172","1904","14"
"3176","1905","4"
"3174","1905","13"
"3175","1905","14"
"3179","1906","4"
"3177","1906","13"
"3178","1906","14"
"3182","1907","4"
"3180","1907","13"
"3181","1907","14"
"3184","1908","24"
"3183","1908","25"
"3185","1909","12"
"3187","1910","3"
"3186","1910","25"
"3189","1911","1"
"3188","1911","24"
"3190","1912","1"
"3191","1913","1"
"3192","1914","12"
"3193","1915","12"
"3195","1916","1"
"3196","1917","12"
"3197","1918","12"
"3199","1921","3"
"3198","1921","25"
"3200","1922","6"
"3201","1922","17"
"3202","1922","19"
"3203","1923","6"
"3204","1923","16"
"3205","1923","19"
"3207","1924","5"
"3206","1924","15"
"3208","1925","18"
"3209","1925","19"
"3210","1926","18"
"3211","1926","19"
"3212","1927","18"
"3213","1927","19"
"3214","1928","18"
"3215","1928","19"
"3216","1929","18"
"3217","1929","19"
"3218","1930","18"
"3219","1930","19"
"3220","1931","18"
"3221","1931","19"
"3222","1932","18"
"3223","1932","19"
"3225","1933","19"
"3224","1933","46"
"3227","1934","19"
"3226","1934","46"
"3229","1935","19"
"3228","1935","46"
"3231","1936","19"
"3230","1936","46"
"3233","1937","19"
"3232","1937","46"
"3235","1938","19"
"3234","1938","46"
"3237","1939","19"
"3236","1939","46"
"3239","1940","19"
"3238","1940","46"
"3241","1941","19"
"3240","1941","46"
"3242","1942","11"
"3243","1943","30"
"3244","1944","9"
"3245","1944","21"
"3246","1945","9"
"3247","1945","21"
"3248","1946","9"
"3249","1946","21"
"3250","1947","9"
"3251","1947","21"
"3252","1948","9"
"3253","1948","21"
"3254","1949","9"
"3255","1949","21"
"3256","1950","9"
"3257","1950","21"
"3258","1951","9"
"3259","1951","21"
"3260","1952","9"
"3261","1952","21"
"3262","1953","9"
"3263","1953","21"
"3264","1954","9"
"3265","1954","21"
"3266","1955","9"
"3267","1955","21"
"3269","1956","5"
"3268","1956","15"
"3271","1957","5"
"3270","1957","15"
"3273","1958","5"
"3272","1958","15"
"3275","1959","17"
"3274","1959","18"
"3276","1960","3"
"3277","1961","9"
"3278","1961","21"
"3279","1962","1"
"3280","1963","11"
"3281","1964","2"
"3282","1964","22"
"3283","1965","2"
"3284","1965","22"
"3285","1966","2"
"3286","1966","22"
"3287","1967","2"
"3288","1967","22"
"3289","1968","2"
"3290","1968","22"
"3291","1969","2"
"3292","1969","22"
"3293","1970","2"
"3294","1970","22"
"3295","1971","2"
"3296","1971","22"
"3297","1972","11"
"3298","1973","2"
"3299","1973","22"
"3300","1974","2"
"3301","1974","22"
"3302","1975","2"
"3303","1975","22"
"3304","1976","7"
"3305","1977","7"
"3306","1977","23"
"3307","1978","8"
"3308","1978","10"
"3310","1979","6"
"3309","1979","8"
"3311","1980","7"
"3312","1980","23"
"3313","1981","8"
"3314","1981","24"
"3316","1982","7"
"3315","1982","8"
"3318","1982","11"
"3317","1982","23"
"3319","1983","7"
"3320","1984","7"
"3321","1984","21"
"3322","1985","7"
"3323","1985","23"
"3324","1986","7"
"3325","1986","23"
"3326","1987","7"
"3327","1988","7"
"3328","1989","7"
"3329","1989","23"
"3330","1990","7"
"3331","1991","15"
"3334","1992","11"
"3333","1992","20"
"3332","1992","30"
"3335","1993","13"
"3336","1993","14"
"3339","1994","4"
"3337","1994","13"
"3338","1994","14"
"3340","1995","14"
"3343","1996","4"
"3341","1996","13"
"3342","1996","14"
"3346","1997","4"
"3344","1997","13"
"3345","1997","14"
"3349","1998","4"
"3347","1998","13"
"3348","1998","14"
"3352","1999","4"
"3350","1999","13"
"3351","1999","14"
"3355","2000","4"
"3353","2000","13"
"3354","2000","14"
"3358","2001","4"
"3356","2001","13"
"3357","2001","14"
"3361","2002","4"
"3359","2002","13"
"3360","2002","14"
"3364","2003","4"
"3362","2003","13"
"3363","2003","14"
"3365","2004","18"
"3366","2005","18"
"3368","2006","6"
"3367","2006","18"
"3370","2007","6"
"3369","2007","18"
"3371","2008","18"
"3372","2009","18"
"3373","2009","19"
"3374","2010","18"
"3375","2010","19"
"3377","2011","6"
"3376","2011","46"
"3378","2012","16"
"3379","2012","17"
"3380","2013","16"
"3381","2013","17"
